ticker,strategy,mean_expected_shortfall_bps,median_expected_shortfall_bps,RISK: std_expected_shortfall_bps,mean_realized_shortfall_bps,median_realized_shortfall_bps,RISK: std_realized_shortfall_bps,mean_execution_risk_pct,median_execution_risk_pct,mean_slippage_vs_vwap_bps,median_slippage_vs_vwap_bps,RISK: std_slippage_vs_vwap_bps
INDUSINDBK,AC,610.5341612933597,503.7526083408549,279.8122435430691,-42.411942459303646,-27.27829471621137,248.0597599067938,0.8363330874839126,0.5864442508674432,40.25166294442041,31.59065997186953,604.2792152472999
INDUSINDBK,TWAP,2393.812121227343,1964.3197818846013,1718.828057713697,-29.582152618556613,-61.324438912917536,714.016853061637,4.360454318628067,2.9888127470468864,13.248332965921222,4.191740612989932,87.37041372847375
INDUSINDBK,VWAP,2204.7594496097913,1715.332057628841,1597.6847497730384,-44.32129202057087,-52.36283934107698,684.1181155687583,3.950882664807582,2.7489224066600806,0.0,0.0,0.0
HDFC,AC,620.325530900002,583.7038224044795,224.53183310444243,-12.601709694116295,-0.571799408871287,124.43926830965086,0.5041547614848089,0.4016865441135656,-21.259324923365984,1.2746133628210201,234.4871749969208
HDFC,TWAP,1345.1559445026774,1142.6694852806413,740.6187017244278,17.702395633148964,4.575790648869917,327.1959158871663,1.9854251021201152,1.4900003677957705,1.9323025957336375,-0.9311418801953559,44.10580546478995
HDFC,VWAP,1404.1132574248475,1140.6697815757418,769.1365539141609,15.505648547563059,-3.627680112087142,315.37473224762977,1.904065235757164,1.5020242255559468,0.0,0.0,0.0
HEROMOTOCO,AC,2984.257990092465,2413.6234013389203,1609.4245284312728,-1.9977963849521592,-21.902185104926925,131.36385697294682,0.5940378920218705,0.5442265153555959,-34.69835964742976,-0.6601595760191197,226.6976187747447
HEROMOTOCO,TWAP,2441.1810118804747,2145.519001575519,1304.9392070541203,39.35320162010127,-18.038135445726645,316.26939143348903,2.0864015465104373,1.9260293015496135,-0.02991300904341158,1.8987702667456543,38.879301187575976
HEROMOTOCO,VWAP,2784.7256827413808,2158.0985321349062,1790.1858013086053,39.5231508734253,-13.604211544839162,318.5102224472532,1.9899892148215288,1.7622991457104615,0.0,0.0,0.0
BAJFINANCE,AC,1245.4557687645347,1192.1117245037312,419.9474168157356,-46.5163581485787,-26.4365309384783,208.71099905698904,0.7145539967776345,0.6224229521158928,22.44469537440435,18.043410294621502,278.2436680226016
BAJFINANCE,TWAP,1921.3712468639912,1685.8079672019596,994.9586496904902,-49.0003064208371,-49.23656483116701,448.5066722765463,2.7094003454986906,2.37116783915089,8.527627990284483,1.7386549231630117,55.19973400255644
BAJFINANCE,VWAP,1891.2327868382365,1599.559890780243,924.6559392383208,-58.07215768446646,-53.36445728879521,430.7996623462346,2.4680687357470634,2.17425618115474,0.0,0.0,0.0
ADANIPORTS,AC,786.5168003171739,731.8615786770938,215.81384780513824,-16.97450901418631,-21.958249760882303,107.32551021452191,0.5250455068628392,0.5233573453943762,-33.62976800653018,11.281530935115565,250.01864709427775
ADANIPORTS,TWAP,1434.3734713528497,1257.6398821895018,721.5957541278651,18.708111839794103,-32.93597081563564,348.6687332947595,2.0369184706232577,1.9785992951246392,-6.435590442323771,-4.303653915247035,40.12716815720162
ADANIPORTS,VWAP,1519.4433939306998,1317.710759022329,753.0650521068028,25.45994688759109,-33.13250279929984,357.3883155488,1.98757131045096,1.8677871014240757,0.0,0.0,0.0
ULTRACEMCO,AC,4644.390277888957,4278.76947114458,1804.7058481524557,1.3959674183842197,-13.974360401445214,131.6236174278141,0.5600939878929867,0.42815186174301534,-35.52784808056332,17.845534679629466,214.4980905414047
ULTRACEMCO,TWAP,3061.454873558725,2833.1079803438242,1317.905293319503,50.62321097679839,14.599658033353474,310.6774020262889,1.9641324498553816,1.4637980187545852,7.397741415755029,9.71341635642385,21.528031531730335
ULTRACEMCO,VWAP,3594.4310965710706,3252.982861157503,2085.120001919511,43.1467749761247,6.060940986280471,307.8886880737112,1.9551514856721985,1.449579612433249,0.0,0.0,0.0
SAIL,AC,339.78561595783555,322.4708610772447,102.24065029434469,-2.727972935510211,-8.531185593260542,86.27575024812418,0.44435029512012897,0.4084640610891385,-13.235090268435282,46.611447719992825,356.60374277951684
SAIL,TWAP,1591.2178330258917,1390.6016754559735,684.0662419198958,24.67212334356718,-62.00790246452257,494.9169334401502,2.503579402259936,2.083899180247955,-3.4371804274054902,-7.650866463845008,43.20407023873505
SAIL,VWAP,1448.1288069532075,1344.0809812456987,544.2487354295189,27.276756159859392,-47.61387970314604,474.42206125221907,2.2357513746929443,1.888894379367177,0.0,0.0,0.0
AXISBANK,AC,376.51943489540514,322.9580586423033,148.50824852650092,-18.374071408789142,-12.03477585563981,121.23815350565941,0.512177458179331,0.3702618677246712,2.8748819704807915,13.16701785397279,369.6109797904406
AXISBANK,TWAP,1598.5287930296845,1358.7341347200295,1024.24163097272,0.40662063765579526,1.701792065718349,455.84547581174144,2.8557023293664625,1.9771400073589218,5.417050070931961,-0.41103244867828215,40.49221376319266
AXISBANK,VWAP,1574.2722420423224,1260.2263287842725,973.6740183216933,-5.107643303373028,-0.8104698814667904,449.9962112106033,2.728196567336171,1.8559039737897387,0.0,0.0,0.0
PEL,AC,2296.6652851411995,1998.053117484818,1070.7560920584676,13.390176856928269,-23.070227997286132,174.82466770772163,0.861143781964349,0.6766934217309957,7.815641260063371,34.65279530511924,296.96443821873925
PEL,TWAP,2653.5685645514577,2232.33515054035,1300.4416968613057,41.60212349372674,-81.00045756527629,518.1500710013876,3.104144584760952,2.4194181069044305,20.920088325743805,-5.112089356767204,78.67451908715238
PEL,VWAP,2871.761732782519,2266.5965539668614,1921.8684704536502,18.142273836357102,-67.72556765536731,450.46310367955726,2.883599876447163,2.0169503296453835,0.0,0.0,0.0
TATACONSUM,AC,1057.946389170585,918.1334886397296,522.0457984302658,-10.792356118732204,-17.079589692606618,135.18388689667805,0.5980828151886339,0.44023421918769706,-13.678234972573962,13.944205284877594,231.21007057022481
TATACONSUM,TWAP,1611.354660196651,1336.7739844017715,759.4478321475435,17.14687679819731,8.116930425360707,299.10262727636587,2.2219717717195846,1.6319298875313804,8.188750117957742,-2.1808865747588233,36.2250212348206
TATACONSUM,VWAP,1689.0605609526547,1395.1143802620568,815.5904204870047,9.425294014394419,-34.55325438847572,313.92136351476665,2.1405477213381974,1.6466717523768413,0.0,0.0,0.0
EICHERMOT,AC,16170.504152963795,13020.378281997602,10732.478050469743,1.9301344159285694,4.42043908361014,99.2184454679531,0.5229580332608597,0.46996099446338707,-4.973058123316522,-23.006131543039274,156.73275309858428
EICHERMOT,TWAP,8129.177668023035,6653.207044331266,5115.156727195456,10.462152476654989,17.879272025346747,231.8881947361808,1.8224420096744032,1.669460456266384,0.2007740219841833,0.01244669190915973,28.00699177693859
EICHERMOT,VWAP,9495.936540484283,7197.747771509411,6675.550482614352,10.217972328701968,18.397507834356286,228.5472535241326,1.7266986772285828,1.6064232262256715,0.0,0.0,0.0
ADANIGREEN,AC,3639.2256127131895,3328.4081112561807,2325.2009467886096,-16.36237334791438,-16.66696138712256,112.09396912027542,0.5806845422293253,0.5209738296522504,-22.000388276519985,0.4347675196079453,157.7334235226541
ADANIGREEN,TWAP,2392.6935344775975,2275.560146272331,1272.5990373886489,15.006520297803446,2.1016360912995706e-12,245.98554346811434,2.0431745750742016,1.859319885519253,5.927710447529762,-4.337683135403166,53.88341889725152
ADANIGREEN,VWAP,2863.94480317566,2687.997612706852,1465.522946391773,9.152951449068054,-7.489526132814463e-13,242.903453959441,1.83521623768097,1.746983318544172,0.0,0.0,0.0
AMBUJACEM,AC,852.9552107499596,819.1766740115305,411.30603349253465,6.096459313392568,8.062096621136693,125.84757505010559,0.5307665593677028,0.4543142539440551,-24.49186623636808,-0.6582817360564239,207.37843417256397
AMBUJACEM,TWAP,1488.1233466102963,1368.30265913809,670.6826096539706,33.03796249379199,4.676591616355402,319.34462297002756,2.0080293029289336,1.7506781377482328,-3.787679328163423,-1.3084277882988038,45.433356144586824
AMBUJACEM,VWAP,1613.1897918219343,1402.7157902313543,744.8031755861628,36.94372837048769,7.191420906897749,320.8166883621769,1.989994198606937,1.7514962699188832,0.0,0.0,0.0
SUNPHARMA,AC,504.4520613256705,461.5108739204935,186.08203677342723,11.058335325620702,-2.746795540471677,99.26996175893558,0.48731440067648774,0.42920047984713605,-15.446624458568586,30.49254540244206,193.71586650337775
SUNPHARMA,TWAP,1334.1384030402164,1276.2691154050412,491.64943109485154,35.07183148685513,-27.448027176771028,286.642935336423,2.0464253449326275,2.000005195108582,3.144250503347747,-0.6646654279215264,32.620483537355916
SUNPHARMA,VWAP,1309.202394498123,1216.7227307681896,463.02931588841636,31.352702725636885,-33.07901834211101,263.1487970458373,1.9023408157899344,1.8262081216128876,0.0,0.0,0.0
BPCL,AC,650.4912924329157,565.2286533673669,245.9213838536731,30.349781174341494,9.34774529037806,206.49622223913968,0.6359645108956342,0.5650260758259433,-60.545624902526725,-25.980784937864343,294.88838759513055
BPCL,TWAP,1618.6203523808367,1546.0443334272718,825.9549077068872,114.3603351754262,37.9524944484024,524.5327367955263,2.6186477395284857,2.378877608542566,8.068738011204966,0.694148118558529,38.81655266351742
BPCL,VWAP,1582.1373681940204,1363.7267177978174,742.4905684154733,105.66345026005014,33.461147412410526,510.37498065551927,2.4580741882645865,2.126391296373365,0.0,0.0,0.0
TORNTPHARM,AC,7170.156834768483,6039.092465036452,4339.198262522434,3.779854726788724,-14.793588267000926,146.33984514036058,0.5842059297378283,0.4959120075288554,-24.98126044998415,1.3847973455828357,203.51786876493932
TORNTPHARM,TWAP,4156.5747876476735,3576.782685042521,2124.658244325816,34.12215737589898,9.887998418372383,310.2566126471678,2.0487576575199054,1.759624838196639,-0.47087113865712155,-0.20455468066212562,28.061150828744182
TORNTPHARM,VWAP,5402.685966972118,3941.754455132435,4132.1752591730865,34.27965564629261,8.086542308048337,298.46328275574325,2.060018588824124,1.8232456279390374,0.0,0.0,0.0
BIOCON,AC,843.2378718786208,717.9486253885921,403.417879846368,22.167984061255193,22.939472139021454,130.00990544715478,0.5611264549327215,0.4781378145062429,-29.136391442322527,12.797525718134386,191.0251564809778
BIOCON,TWAP,1442.9632957239937,1193.9977645398435,633.1756894547538,55.17317399011459,18.973490606579766,313.5929928005042,2.1285388278052086,1.814516060209679,-1.9573520526144215,1.0787371977991518,32.16341832517646
BIOCON,VWAP,1419.0514511341937,1209.5108338192197,672.6329442992941,56.77683696083958,11.489007386487703,299.64903501756584,1.8848624949367374,1.6714865364627447,0.0,0.0,0.0
YESBANK,AC,276.5945966279345,248.35934609601526,145.56113862237865,25.893377098035344,2.01232615550843,138.07552547661842,0.4340966694738213,0.3308212015422738,109.17000842128307,0.5377301059372748,1346.118952472344
YESBANK,TWAP,2820.9408750338025,1789.0795918005665,2127.9548525390887,79.29015353104303,14.533547093614002,1145.0271491177784,5.987812896975235,3.8535333442842212,26.524150490941146,-3.7305004254310905,222.97597176466772
YESBANK,VWAP,2370.1117589390415,1659.424574759017,2013.384447786072,43.553013599204405,23.882569758230193,999.0231466354038,5.101977519360463,3.2103503334938295,0.0,0.0,0.0
LTI,AC,28184.785071116137,24440.732941391245,13181.05178143806,-30.150912960775916,-9.908333881621232,161.89178438541305,0.6947849290624327,0.5196987140686015,-27.473566775634012,-35.117282900033416,241.69223608509392
LTI,TWAP,13552.244707377156,12489.610618211374,6149.090836678469,6.282870795376502,-8.721170050614514,345.9701107372196,2.4090283453285815,1.8072041247527673,1.517090798377585,0.9524735551813093,38.17287807376129
LTI,VWAP,18281.45805194948,14532.740469445744,14845.943773498684,5.008054961679154,11.542804875510551,349.866093931269,2.4990120449111357,1.739244397857679,0.0,0.0,0.0
BAJAJHLDNG,AC,55754.09460816195,49227.78584622737,32181.08683983041,-23.80786465211506,-2.550827499751261,207.6747059579891,0.725204468446476,0.5397248078118915,57.54499564993221,3.7452717761153655,380.0348642625281
BAJAJHLDNG,TWAP,25707.62158649897,22445.046682812485,14148.580742574173,-63.47534100625623,-44.67515819059882,460.99466734123394,2.5294306288102653,1.884993648967877,2.3463024157408734,0.4271528314492726,109.68836692293169
BAJAJHLDNG,VWAP,45347.715249891546,34724.320735136745,34092.98559347909,-62.53471719613815,-45.70826064769004,508.49798268205166,2.4774605909663183,1.6536292185839971,0.0,0.0,0.0
TCS,AC,723.0990534117495,649.4150116228399,263.9020957546435,8.60023284465563,-2.282163704094618,68.26809322280565,0.4518893090245736,0.36801977172185096,-17.118442539514948,-10.752289949315047,174.88193752844055
TCS,TWAP,1191.7515614098602,968.9929258912384,589.9898067257452,35.85841754739992,11.843920170940656,236.2455560289687,1.70911504231835,1.3430365794794739,6.111992585298383,3.937616200176851,36.69583064779675
TCS,VWAP,1256.3405093136632,956.3263407044014,606.8440128497169,29.77660048389564,10.401624489481872,235.83013802531354,1.620107952063602,1.2358670938008447,0.0,0.0,0.0
DRREDDY,AC,2915.5460246723674,2303.37351377483,1609.9579523696868,0.29270939084482883,9.642589865112894,126.96158916010644,0.5095129139562726,0.43770467981124106,-36.76727084195867,5.932950151468237,172.96323492703382
DRREDDY,TWAP,2213.809522166633,1817.437903642584,1111.1010242560735,41.99323407070623,-10.849474382509642,275.5550715434223,1.790661476203769,1.562368286996957,0.34669205647771517,-2.425432051745285,24.969832502152965
DRREDDY,VWAP,2491.266990627633,1939.2557630706174,1443.3770378487807,41.497916869266625,-12.59648624053916,268.88999526719,1.7134433656108623,1.4927474337074367,0.0,0.0,0.0
ICICIBANK,AC,250.75325938778528,232.8913426083922,93.78113269928004,-5.203062236466214,-4.807836036554406,76.85135207835454,0.37027859180925454,0.32697862589598214,-11.22177404556004,22.856113078034348,235.39016418504875
ICICIBANK,TWAP,1387.1861017436424,1239.2706315790406,830.114520188245,12.791854032069448,-23.06201258446268,294.6306601696382,2.374617927543428,1.9860324085720875,0.06488745662426422,2.726932389034598,31.439245541108615
ICICIBANK,VWAP,1365.9124730440763,1259.3326933114586,799.126276624358,12.62401828137405,-19.236222685793507,288.99994879633243,2.279798422531464,1.9386302676298865,0.0,0.0,0.0
MARICO,AC,992.392224113941,917.4181843214692,384.27272423959215,10.772481686239527,11.48154633410045,98.46874001678945,0.49891778603799847,0.5001247651065044,-44.72954587807213,-34.711867192999144,175.7678474171342
MARICO,TWAP,1379.3707492154929,1370.9232605294437,533.9735713486848,65.90661055996992,40.08891011737853,237.6283871831475,1.823528174891434,1.7912627878952487,6.380295556308434,5.615689947366464,43.731773003949286
MARICO,VWAP,1545.658056276099,1498.460988838834,669.3381748375982,59.50907626787463,32.92278919881211,233.15414598147447,1.805491394668118,1.8298602610764956,0.0,0.0,0.0
BAJAJFINSV,AC,6395.713995555212,6031.7219671327575,2338.7820269118565,-45.06631801762748,-25.97185175882099,200.57968596315095,0.703418451350365,0.5200760642463484,74.8735980376472,24.628377263651288,300.28667573189466
BAJAJFINSV,TWAP,4087.5015366284133,3290.171868872605,1715.0673400277938,-99.03002688761387,-42.381265236450574,437.073511838523,2.4754558023564037,1.793868796644892,8.277157884560083,3.3581545208503805,48.149165249343355
BAJAJFINSV,VWAP,4933.990894751285,3575.14941281708,3713.92315896466,-106.83493491798907,-42.844439528254135,440.0846065901574,2.331121097550964,1.7009519011725014,0.0,0.0,0.0
HINDPETRO,AC,820.1594728930432,751.0184686964743,316.69098642026813,18.95379372657501,8.415432263918184,139.39971635565269,0.654215579447133,0.6461348213719811,-48.72853497291695,4.453368415309263,289.9561875301307
HINDPETRO,TWAP,1671.5344856443812,1674.9008573016424,784.5467169353735,99.2256177114304,42.08650576721287,406.22612226484057,2.5741650507335248,2.5496179931358425,19.907124098128627,12.827344258147166,47.81084803563533
HINDPETRO,VWAP,1707.5224002708896,1693.3389649987162,711.9128107337923,78.77621306058215,33.009002917532314,392.4862523118534,2.4484205138997037,2.386003011734402,0.0,0.0,0.0
LUPIN,AC,1387.0259005872877,1107.1689782135181,867.8762274836242,19.618214560657915,13.456085130512275,126.37344147556286,0.5097929320108833,0.46133435001102496,-35.71913087184279,4.968502572626656,184.61425888485596
LUPIN,TWAP,1611.4661132576623,1436.4642031803605,807.06284788248,75.71925684051047,-13.45049975716936,310.74782636649354,1.8656780390018801,1.7042885482555046,14.599109018401858,4.663759823044472,34.60490702640927
LUPIN,VWAP,1765.8378378876032,1574.3967674906503,966.844809187058,60.34213855200236,-19.708871518784534,283.2830970628952,1.6703295930836424,1.6078936346161812,0.0,0.0,0.0
ASIANPAINT,AC,1261.612191083908,1224.6835727285397,492.78631624296384,-24.517013556656266,-2.7722853695794694,92.90292186720747,0.44407405025214497,0.37985893271487703,-18.059513984063557,-9.72603040769956,169.47237738399434
ASIANPAINT,TWAP,1407.7345556116923,1346.4990502068058,664.1269550585681,1.3268355199358177,-1.4354527923424776,210.88433138757836,1.5960234718541662,1.3363485270657751,4.6033888776129785,-0.5465657928349368,25.220695757188484
ASIANPAINT,VWAP,1472.8968323170316,1333.9360020614554,690.627537417806,-3.280499575024245,-11.142167211204189,208.44340513797516,1.5195057653057722,1.3608635920922443,0.0,0.0,0.0
NMDC,AC,741.4298422566052,730.4548376982416,270.21409899507915,14.339336357556085,14.474553324169648,102.36212435030941,0.6269585942635555,0.5328596182498084,-29.767928038260997,-0.7839033958171822,242.33221347606784
NMDC,TWAP,1703.3937461476542,1548.96722115149,771.2573515571411,55.7249138533804,9.714526338778278,313.76114423108544,2.566796605287712,2.0902570117714276,4.269594020116094,4.330734609910777,44.94638603753717
NMDC,VWAP,1845.0565351474097,1495.2741897725582,1051.652288184267,51.54070171752167,20.767524463823587,314.91835374305913,2.6678488223755767,1.9772200890871932,0.0,0.0,0.0
POWERGRID,AC,294.83934603345176,284.72046982474734,108.32922640162916,-2.7100441801535315,-7.170525144751027,64.78824115966462,0.3885600243885963,0.3298294367665857,-37.53806038305937,-17.38745142960164,163.2882831018395
POWERGRID,TWAP,1157.9349663588291,916.1493561396794,619.5162668269492,34.90785887189101,18.028309813976342,216.42243710522598,1.9779700528007729,1.4770234358134409,-3.4341408709866537,-3.116225921588878,32.00443189321786
POWERGRID,VWAP,1297.9025700163652,946.8291202606725,825.5203788451208,38.49596046723068,11.908742544706728,220.54407282736744,2.1545741251536743,1.4761736683908218,0.0,0.0,0.0
HDFCBANK,AC,304.20756854345,274.5929064878221,115.82492810662106,-22.091048711272848,-22.39399422836202,83.24781457718427,0.37635770800161833,0.30832329157818433,-3.600477344490369,-5.400173796288717,239.4593936756288
HDFCBANK,TWAP,1116.8902553287624,1005.6047566840018,694.6750479409341,-22.570945841757506,-12.969782715891633,293.5657598544953,1.828920087021967,1.478159209742305,-10.85809962246477,-4.71273213392611,36.01961835468502
HDFCBANK,VWAP,1079.4849195809613,945.1503530078317,639.7433670992858,-11.618696057305065,-9.503089625453262,296.5260554528236,1.6984329550944484,1.3184193074831314,0.0,0.0,0.0
PNB,AC,335.61115693852094,310.2542521818862,118.13085676355884,-11.355056175966528,-14.459157533294636,78.8878477535635,0.4556823134969086,0.3970611233674147,-24.82984077544269,4.100205359139731,270.9106156205502
PNB,TWAP,1439.9502851214888,1260.9555433613777,684.7672968013343,21.0565460633849,-37.68413229282889,366.53525119371614,2.3427824674033944,1.958755298601862,-2.2508892458181093,-1.4824378818728954,23.988083425647016
PNB,VWAP,1335.2266958616135,1174.049775962888,593.3445941426548,22.765359271966858,-27.26314590825745,348.6706443506561,2.13045413620659,1.8263605331762025,0.0,0.0,0.0
BERGEPAINT,AC,2424.1732237328506,2377.881394225451,1069.6106393443347,-29.87752411043533,-40.50562622441092,118.68365581747541,0.6028227778074293,0.499328141516734,-32.94216372066702,-0.24903212073583703,178.61538921105264
BERGEPAINT,TWAP,2190.6777931361744,2164.6688834037914,1064.6002386610303,14.270119155456822,-10.145248211338506,267.12969303243347,2.1356371081621135,1.7906170723825539,6.8706773591817525,0.1614036151876002,40.27723033817961
BERGEPAINT,VWAP,2354.1628764091342,2227.108270946659,1144.5707406648637,6.8402327645523,-18.364999252849167,240.80983647628412,2.0009912056349624,1.6786155270291965,0.0,0.0,0.0
SBILIFE,AC,3229.9280876007724,3004.5678664082393,1314.3221492457958,22.416530632526573,7.164742358453233,202.96668767495538,0.7567632737863003,0.6642082366265278,-30.135022826212108,4.582729817283221,270.359236147292
SBILIFE,TWAP,2690.9442452434423,2593.817444942014,1239.7877617524118,69.3358907671454,7.974487918286688,402.8145084482764,2.6578813792498064,2.3582166926000068,7.379406628404981,9.486416499862802,66.41980419747851
SBILIFE,VWAP,3390.676598057515,3022.6326457616924,1834.5046495795207,62.938762558486665,-4.839304401779277,421.8996276532394,2.824399904044352,2.5912073032779617,0.0,0.0,0.0
CHOLAFIN,AC,1759.5049974532647,1687.0937720185311,601.8340772326089,-53.6033676914434,-18.875850962126346,212.48184521876428,0.8600078993252783,0.7705956641006195,-16.833249258047008,3.632063429212786,416.13492812154124
CHOLAFIN,TWAP,2418.908103433625,2365.6499071907283,1116.6517398355488,-18.320322400166404,-45.112248682443074,470.8608873025559,3.1872459482008737,2.887757343641089,1.3150467138707629,-3.491178808417561,59.432776775629726
CHOLAFIN,VWAP,2706.002961893488,2614.2750254869406,1294.412465900005,-18.729893722958742,-38.35431932206925,483.7297139975093,3.1891175164637673,3.0258100104977577,0.0,0.0,0.0
DMART,AC,4860.361604482321,3069.007892606838,4471.066858951566,16.700467785827147,0.06673393668024577,125.67599747625765,0.4788845050051541,0.4327261460075049,-34.8209971099124,-0.31904185967143106,152.60247530436635
DMART,TWAP,2935.334854181711,1975.5050402118532,2387.294543008353,68.84220472348304,6.227890077465428e-13,269.61549545180895,1.6805928422013021,1.5283680862740527,13.299927029974612,0.30391810668373964,58.907669012340705
DMART,VWAP,3684.575670297125,2372.596342930695,2903.2025879711086,54.96930135620248,3.9723117680046705,242.04243913853716,1.6207191037897442,1.5325797032707504,0.0,0.0,0.0
COALINDIA,AC,363.07281919616713,370.7378267306084,122.78651973654473,9.661093822889251,-0.3555512775306661,97.92712393872434,0.40356055155488946,0.3622888774174658,-48.6703780618787,-43.27398634998232,205.30226299935723
COALINDIA,TWAP,1172.9773717607934,1044.8057402476595,550.9927926314758,70.75116116181218,37.82076403197074,306.69358920720924,1.8450242865927318,1.5047745541530426,6.0522731381374815,3.1681127416573904,35.217502081872624
COALINDIA,VWAP,1205.0573139463659,1037.8263062921874,502.99166477812764,64.6883856666263,36.631223870281346,304.6470368889036,1.7999619978051022,1.5591612058535271,0.0,0.0,0.0
TATASTEEL,AC,399.68259774485375,371.84018197146503,154.3307346502204,-24.602282310740563,-18.797747613047342,86.79473906314416,0.46984414187142753,0.41158653295617564,-15.49242795572219,34.11669037251713,278.8813144282456
TATASTEEL,TWAP,1339.0297016813452,1219.121094562478,563.6351262136416,-16.369923499187834,-88.81712822586155,339.1202083692108,2.1060091743299454,1.8161264320091421,-16.38017169441364,-12.324833335674695,38.517804268192464
TATASTEEL,VWAP,1285.2653166379355,1173.9205916458554,550.0580249037182,0.6770660675407115,-71.60084430430464,360.6338156943074,1.955513244064722,1.759461693790313,0.0,0.0,0.0
GODREJCP,AC,1692.514896600443,1493.266511689439,809.0378284100594,-5.308315840138006,-6.343107714656822,96.41224062148095,0.5582229658484853,0.4893027009184828,-13.2146640847644,2.8527888150911695,157.17232847089295
GODREJCP,TWAP,1772.839132182576,1524.809896132666,766.9462977064067,10.873814979257638,8.595896913398388,214.7628215723396,2.0051132371474414,1.73761555842461,-0.04593594094033312,6.429264675213,39.91229460984387
GODREJCP,VWAP,2074.006077563195,1677.8813727153943,1401.4742816765386,10.751796274669866,10.921209455510702,202.86411994245202,1.9522181672996395,1.7588341333833026,0.0,0.0,0.0
NAUKRI,AC,8964.840897211583,8966.397923340433,2568.007325027658,-12.344269369302411,-24.631692409104627,107.74205418831426,0.6449825349401994,0.5240885619430793,17.381924279035047,40.47968285505469,191.26270719189145
NAUKRI,TWAP,5006.439116648296,4814.6738676523455,1455.9431270579153,-23.047881425103974,-16.05567576686245,270.9851779574614,2.236610928596688,1.7866029928000022,1.8567578159759048,-1.149520443437615,49.35094741548287
NAUKRI,VWAP,6517.773374103598,5620.364215229556,3078.908315569753,-25.23401582217851,-13.402466288953665,252.73713333188584,2.1731601961035008,1.8522089450958958,0.0,0.0,0.0
UPL,AC,1090.7728817877319,1029.8041707361676,419.92024174759194,-2.9728523912825753,-18.869976288995545,130.61770369630673,0.6173569530829682,0.5127237636932693,4.863683749177785,-1.1461744879476448,200.19490612004347
UPL,TWAP,1659.2360232257754,1481.958675432048,805.9461454607791,0.7417492536730398,2.7400202738351114,284.1945126358622,2.3104350374635065,1.845631577213731,3.497850765243302,5.2448692655520155,48.31404806280183
UPL,VWAP,1731.3886474502578,1494.4058708547896,831.8494113568775,-2.92064640308128,-17.94578450930902,275.0271938505914,2.202504090617384,1.8108867833744746,0.0,0.0,0.0
INDUSTOWER,AC,847.3960993843581,770.5193283390106,368.74887265649903,-4.0513806647846975,-30.778255589562942,118.04755900360277,0.6661264540102653,0.5157892801401971,10.67016194239907,-26.822203510126755,339.95573694593713
INDUSTOWER,TWAP,1855.8151498951427,1458.2110314978681,1005.3319661322495,-7.086924611877866,-20.693962516652036,378.6958665455783,2.6960925802012334,1.9268351494549585,-4.380693067169971,-5.331951628596776,46.073017417825895
INDUSTOWER,VWAP,1892.0705853079683,1538.877696306295,1000.9248028262796,-2.600921402728179,-7.469652776323007,376.37933759791406,2.5790764786653004,1.8258891802398598,0.0,0.0,0.0
JINDALSTEL,AC,494.65933489043505,414.2463324442996,237.76129999074675,-8.305665313070396,-5.256612253536819,106.05792933231201,0.5990321430951601,0.5667108666211862,34.74817235640496,48.23217916578086,345.47573326550213
JINDALSTEL,TWAP,1815.6259573122447,1762.194505359385,747.3513470100127,-20.287085516200623,-53.738706548985625,400.3090872664211,2.916019512136392,2.6577366259689272,9.620002396194941,-1.9155511486623416,59.08992166769153
JINDALSTEL,VWAP,1732.60460933804,1717.9933951614194,729.0146027183819,-29.84916754360644,-47.39854216787015,394.9881828997099,2.686769905406908,2.4109897166234173,0.0,0.0,0.0
TATAMOTORS,AC,213.29309262016656,182.14745141403696,72.58686014248538,-19.424841658430765,-20.41583788022502,58.75001167324106,0.32087442667321825,0.2793596070659801,13.072956777864526,37.034016111942904,245.238800836485
TATAMOTORS,TWAP,1447.0517438212423,1363.2582240360402,606.7958516687645,-26.54041844449707,-58.72127152047075,286.6573743888455,2.426779354431049,2.227710093968649,-0.959441409526954,-4.719490018212131,30.338309160085597
TATAMOTORS,VWAP,1311.8682157175122,1161.7606995152903,523.9477741047453,-25.677688515630468,-60.1603114655275,281.69339901186487,2.161826567866884,1.9558846355153519,0.0,0.0,0.0
WIPRO,AC,743.3977581140887,680.1105457376079,288.3395562229628,12.266640324779033,7.474418901255625,78.76411509777674,0.46053553663617997,0.4244284756580758,-16.17305840350467,-4.377841767569238,160.98745519159866
WIPRO,TWAP,1262.7323075579466,1132.0921238531866,667.7007049260565,40.60293360992792,4.111030007182654,245.19467974490925,1.7311223240653144,1.6046319571668166,8.199885332063864,5.880022088639664,34.28872513105077
WIPRO,VWAP,1424.3500639379506,1274.4663435389732,715.6781750705067,32.07500982400486,-0.998983710235091,229.60734032934363,1.7566359850289428,1.6652819737746793,0.0,0.0,0.0
IGL,AC,1233.3047896047829,1152.245823548502,602.629508546467,-28.395447867858767,-33.19061542552865,135.10471257150803,0.5846479416655801,0.5098645826416275,-48.275483631377725,14.015136661046112,249.7294162270329
IGL,TWAP,1662.6420072305702,1506.6597922989447,795.6052623057184,11.479047600700875,-37.44521250451783,297.51596162774706,2.1431036056364965,1.8825606543893443,-14.994712531717305,-8.639744294865569,38.53134699193612
IGL,VWAP,1714.9291216043835,1577.8457196455893,828.7276964251917,26.506518327343112,-19.43504777590313,294.74744045428116,2.025797432064785,1.7697790587138824,0.0,0.0,0.0
SHREECEM,AC,52954.72342775994,43343.738644715864,26343.71874089574,4.5568532226367084,-19.669655477687524,110.67122620339822,0.64042913275341,0.47733330416565856,-34.17336302846742,-64.4891429406739,200.3083088207986
SHREECEM,TWAP,23845.03134130178,19933.50372783873,11376.276949444964,44.81638157954632,52.21690335325421,278.43670610168834,2.3129184868274573,1.6857365664805148,0.9065278632658291,-3.8821690195931526,51.43245198652129
SHREECEM,VWAP,35931.03823452517,23281.983882596032,30670.230931262562,44.09070903227942,64.94340271073753,280.6712088961497,2.6011427873595285,1.7785743647760919,0.0,0.0,0.0
IOC,AC,317.5546853948319,299.7184901033199,101.56861142290771,4.816597594380571,7.827981346478373,88.022831431734,0.37991663697712086,0.33064206094195936,-24.29342351212347,18.060254962961956,194.41024587541415
IOC,TWAP,1088.8871962360834,984.8817356702696,535.2142915910414,41.121260488658805,0.6169810468762662,276.44665180350205,1.728062082300851,1.503498082945266,6.745144696543353,3.5832260360300294,20.27779169605175
IOC,VWAP,1100.6088197913307,969.0810967702347,543.2258425403713,34.20689664889822,2.5872875476765915,269.81962349264205,1.6668424122424779,1.4623207251864856,0.0,0.0,0.0
DIVISLAB,AC,3324.2256783404955,3015.0681875009423,1372.0328952544953,-0.8683245293894016,-24.64347402991188,125.77326257314692,0.5334295101663813,0.5403092353521566,-26.73817915630949,-29.82768081105041,198.66524438423045
DIVISLAB,TWAP,2429.958007961645,2089.046016762273,925.0255997613652,34.710960986676895,-8.625364607963808,302.5570056591724,1.8719798227144144,1.940574716130083,3.1094470146595077,2.406257632015339,29.455560598531683
DIVISLAB,VWAP,2867.006913632053,2423.111947404419,1212.0449941351837,31.6204639329846,-13.069131839060177,302.0590038916084,1.8900153400402633,1.7623244101238693,0.0,0.0,0.0
PIDILITIND,AC,3376.3403602505896,3391.29566664267,1353.6803741801707,-8.011941446188622,-0.7255419492442421,122.90596983296398,0.5109677057683512,0.47693276762966547,-7.750888385245945,-16.060625906837426,171.7276006028312
PIDILITIND,TWAP,2442.863365568018,2266.0225810975353,955.7404834086831,12.85724716424119,8.534667046274246,221.90342324072563,1.8032875042377485,1.670809852073853,10.043048074505016,4.930826215427568,42.16851072333248
PIDILITIND,VWAP,2931.154923836088,2576.1282245247608,1659.7601938066557,2.9592430122703486,9.89361195829742,223.43030146375418,1.615192477120086,1.5163849114336017,0.0,0.0,0.0
ITC,AC,207.55317361100242,196.30216376641596,71.70214212829565,-3.9182560749636477,-5.3000036539220385,66.34285993658563,0.31042171766046533,0.2819507607941807,-35.84362028933382,-10.66324770188907,236.55313644458118
ITC,TWAP,1032.1946272775735,879.8781367267594,581.1508063375633,31.144252155939448,17.971206510870267,301.11057622127674,1.8210095699534135,1.53043925480224,-7.889056437599804,-6.461960351106643,31.294474132136205
ITC,VWAP,1014.196973426259,889.3393307595732,512.6639536800426,39.154232751003555,18.204562682899493,304.55909781039463,1.7291294068636804,1.462307349178019,0.0,0.0,0.0
JSWSTEEL,AC,648.646043806554,518.1419943823389,303.32494083286963,-14.632933824692808,-26.212396472663347,125.11742794811934,0.6030665603622992,0.5402829684882753,18.33392278620396,22.55094157208952,238.56033758699465
JSWSTEEL,TWAP,1614.3291982266187,1413.2684532684484,739.6643373919135,-35.49522769320791,-51.82819334511215,347.2463570529834,2.454478206903232,2.2040014003341777,-10.542099208117095,-5.458113771665613,48.55202786453309
JSWSTEEL,VWAP,1651.7485923375107,1327.5607665962084,835.5946444406342,-25.34107138350692,-55.8387715867526,333.8874759684702,2.359147198526972,1.8933917388823795,0.0,0.0,0.0
DLF,AC,670.6111360095285,649.7208345484103,269.39429529229227,-6.614127058196441,-7.5944575149543345,145.28679180136012,0.655602309722519,0.5279723368148248,-6.442482176774078,28.53152643265563,230.46425195408676
DLF,TWAP,1688.8815380527717,1418.0153893491265,774.8548030813347,9.993826440357678,-22.538651824366397,367.4825095987547,2.6654003690230863,2.1488496397376498,2.058711255775483,1.2502027941305232,30.177976077998935
DLF,VWAP,1629.1854160564303,1475.137251249781,684.5148512406736,7.510702134307566,-23.89477348742809,354.20089408534534,2.4572548262380987,2.0305157644036127,0.0,0.0,0.0
ADANIENT,AC,1507.088516344553,1398.4727588720723,892.7822390896342,-0.8897784489836467,-19.99090793659171,171.38165387178068,0.7023557706153079,0.5392992609171876,10.319166133739218,-0.7317460180875228,201.31028132071617
ADANIENT,TWAP,2077.02864787871,1854.7122056064359,1132.2981737062862,2.5691425456616517,-29.92903376726089,294.66837202405725,2.596378926726567,1.935765943426436,9.081136154536653,3.2021071841676676,43.12861592297559
ADANIENT,VWAP,2317.6854000911917,1896.3696858507533,1451.319684037184,-6.134432952886218,-44.411733504790604,303.48131103137194,2.5349364376645505,1.7159688121305563,0.0,0.0,0.0
GRASIM,AC,1576.829969723804,1524.7475130494734,699.1325786139976,24.66358707721468,21.321998180050784,145.998385219151,0.661160726181611,0.661496228907799,7.080280112929761,24.939217477492306,261.24997287206105
GRASIM,TWAP,1979.9963850793554,2026.6717246457883,952.1699890589011,34.09358153162148,36.05990410377007,378.2016533379069,2.414271087435049,2.3539014664363265,7.15473566532793,1.8739634213484577,36.71773410940716
GRASIM,VWAP,2167.732307038666,2194.515645404532,1108.9340658051208,26.634241786865665,23.64015613511363,367.6661489341905,2.4073034759329435,2.22133303238489,0.0,0.0,0.0
COLPAL,AC,3703.2335945496216,3566.137136025295,1220.2599184271805,4.214318523286947,-18.78645971665633,82.2629214423862,0.4593052664712023,0.44013925722405645,-27.167926587147566,-3.039007300862659,117.8463247038878
COLPAL,TWAP,2472.6681787901616,2441.3418106669938,892.3150289650506,31.32308801130317,-10.253109522981797,168.60830780767597,1.6082167150257132,1.5553620924873282,-1.8817049816415714,0.6402244662934176,20.9513299260137
COLPAL,VWAP,3106.5096483498605,2731.8435777625746,1695.9739239228038,33.15509632356189,-16.739846231815495,163.90468679821797,1.5770068974101124,1.4940762648463024,0.0,0.0,0.0
HINDUNILVR,AC,994.061598042504,983.1839958321716,331.46038773147717,-3.9138736184999465,-1.4567293313891627,107.6284983025384,0.4565487181740674,0.3897221039623527,-7.210278313685379,22.6599282754131,163.88004046811582
HINDUNILVR,TWAP,1316.6471736685128,1215.427148167018,564.1557880867006,9.349640578591218,-59.06836584722607,239.08076937843884,1.6645857677819451,1.4973981371830625,2.5036475432000014,-5.666242131519707,29.24875917747811
HINDUNILVR,VWAP,1439.1134193852947,1244.1709208783948,651.8805786847184,6.638158540265302,-47.23214333587093,227.7349608688622,1.6400301942842779,1.4467193284306277,0.0,0.0,0.0
ACC,AC,3103.0236929352136,2756.7161186254752,1487.3792899653272,15.354540268823476,5.461988836880885,103.56827483815519,0.5182054656038774,0.4704272312486175,-37.545235395359896,-4.789906330888723,190.38628250799133
ACC,TWAP,2362.3701935575673,2063.3535972330446,1025.9011189609441,61.11073293429907,0.28881022609164386,281.48941982395485,1.8274638804161942,1.6538018614578571,2.8633663701539316,-1.3438795678708546,26.81697654487288
ACC,VWAP,2636.105913166695,2193.5902439113092,1275.787714439187,58.0197665186084,1.7772812605432762,272.3780198663232,1.7399463971535374,1.6261112434593703,0.0,0.0,0.0
MARUTI,AC,2368.193332628917,2274.105314851961,1110.977739431866,22.176650184843368,-7.994673937211102,163.24829549752792,0.5533080597844748,0.5016863178196682,-23.676638960901773,11.958323487061026,235.51696873190502
MARUTI,TWAP,2068.3841431006363,1950.0451922406787,1012.0119494021895,58.20129036068753,-20.856964021467668,398.85351603376046,1.9614974848622966,1.7357439083482737,3.221897144561499,-2.5392165518414087,30.766801870834524
MARUTI,VWAP,2189.8946351116147,1982.8057212923613,1045.939352375016,54.52212243315632,-23.49997872918005,385.10739368164246,1.8036551637162377,1.6838421085715936,0.0,0.0,0.0
RELIANCE,AC,306.5805676818737,287.3702671969062,108.92668784978223,-5.4343334271866865,-11.926881394759231,76.46293447837348,0.37957259589580183,0.33103280860268247,-5.86486752987505,10.582319307670062,199.34754855411006
RELIANCE,TWAP,1103.5532410361193,1083.7697155360454,583.8443753153401,8.626995341595483,-24.769541915250308,265.9899387052415,1.7893601932615983,1.6339348251433918,3.0785830701016206,4.889916769786306,29.848109634827715
RELIANCE,VWAP,1090.6706679544677,990.4683979995041,538.779428207846,5.310525327263053,-23.57562492484265,254.800253831036,1.6786324447351595,1.449799973811222,0.0,0.0,0.0
AUROPHARMA,AC,912.3471585365777,905.5269556303456,414.5033503612889,36.30161901381465,11.423608473002982,172.50690483268465,0.6608102925641822,0.6035976071077191,-22.20986555538596,-43.81644897561631,306.87893847971236
AUROPHARMA,TWAP,1732.1843252721592,1633.0788317438596,764.1008988196907,84.86631725063347,43.641038080787695,462.3903390234631,2.5765742481779115,2.232378605178318,12.721707821131966,11.337032566848436,51.125399213692646
AUROPHARMA,VWAP,1654.1478879467218,1498.360060995466,755.77083996066,71.54347546626343,41.679534684021554,446.58671982673934,2.2844833169731813,1.9684268631409396,0.0,0.0,0.0
HAVELLS,AC,1824.074030779128,1779.6333137132833,737.8474491413774,6.292521005885766,2.3304965374156663,118.1710566517911,0.5415809911262399,0.5018266799318357,-39.52974765469801,-14.460968466787346,124.75329806039016
HAVELLS,TWAP,1768.8025217937493,1702.5938293895322,717.7011891462673,37.781767794170044,20.905183398652355,237.6841750103352,1.9300531205767486,1.8089385753492122,-10.954475922365457,-10.358096929011325,38.45357926421699
HAVELLS,VWAP,2088.3590276001714,1945.6446668557464,978.8914091233808,48.55820626152901,31.190035605520865,224.95849057940077,1.9127260719553472,1.7831563418188576,0.0,0.0,0.0
HDFCAMC,AC,6545.110232690421,7048.342871266988,1829.2771154136801,33.21796704500342,-22.16220364559419,276.26419462095174,0.6488382797821584,0.5025664944092385,-23.172140777544797,0.2939710028486762,208.882014909181
HDFCAMC,TWAP,3984.6033972857517,3993.3054622175796,1280.5967490044,80.15078694802519,-2.5479971047254475,520.0762759704907,2.269163196457793,1.70772095682049,12.932597661149982,7.448616130082467,44.29724617153606
HDFCAMC,VWAP,4742.488047094266,4505.643457242326,2200.290730235538,65.96346688974562,6.769492793334193,489.9391452559149,2.029626266113315,1.6734057766136325,0.0,0.0,0.0
MCDOWELL-N,AC,1640.1399831226538,1487.1293988736911,753.8573303670629,20.85835926845137,-0.5493050657325338,120.15813277577742,0.5995615938677124,0.5369056316712917,-11.112461863420286,-18.15101371883126,185.55944406434543
MCDOWELL-N,TWAP,1775.8431228359784,1594.8535772057712,700.9146353419284,34.51112230431398,6.049878250589266,284.4849594957589,2.150352072013848,1.9302200319445115,-2.438237695683088,1.04640499666591,30.69768289169117
MCDOWELL-N,VWAP,2048.2248854200097,1643.4929784098308,1415.469093391018,36.68589886646562,7.615703808070018,272.8193811150271,2.0281607504038472,1.8546251231255266,0.0,0.0,0.0
CIPLA,AC,747.7983805076315,628.8490259397445,408.48764467882813,14.115827601014637,6.466889934982071,112.38788724745581,0.5012037554613304,0.4338349789105158,-69.0257711337933,-38.778553142597595,192.3500085173854
CIPLA,TWAP,1331.0485132451222,1136.2524646827965,639.2873655755426,90.76617334361583,33.22797825808104,283.28540656570664,1.9529955408059745,1.6740619876308198,1.9279988450033427,2.0597416871393053,22.801180607352638
CIPLA,VWAP,1364.9268162521255,1165.0967384758706,626.9494949205417,88.86952238103999,19.356065960755195,284.17609797189135,1.8686277140707794,1.6669550044921453,0.0,0.0,0.0
MUTHOOTFIN,AC,1791.8621475825205,1914.9418902908606,887.2381924279939,7.283659926014325,-3.720709572632897,157.5658500277239,0.7044065351040983,0.5550671970240084,-22.383522577263506,28.898894359805865,242.08416230362658
MUTHOOTFIN,TWAP,2134.281552743973,2015.537341349388,947.4869860191457,46.733476159209324,-39.78081230885225,421.69325144783556,2.572321880016477,2.0917706960329197,6.772952163170935,0.7271355667899224,51.230361194302866
MUTHOOTFIN,VWAP,2074.08048529141,2116.1975199519084,864.366807083233,38.535210026755834,-33.96359853553672,380.8183124851666,2.2477302550577583,1.8523447479094814,0.0,0.0,0.0
ICICIPRULI,AC,1754.3741344166358,1621.0678204227836,633.1670608067947,-18.7212741473341,-14.585372663909762,172.42306558835287,0.7403001144604134,0.6866576761714597,-0.1075465362126293,-39.59970104271322,338.0131264990664
ICICIPRULI,TWAP,2136.6428984252143,1973.7983453227134,966.0929745286231,-7.606561471163916,-47.817464254299026,391.58366203210056,2.6932247415381183,2.422373500087236,-0.7154770387095031,-3.5701487245018373,59.33313187454284
ICICIPRULI,VWAP,2305.566095123734,2003.7596730659607,1042.7610267617292,-5.945652399049272,-57.33095096645668,409.6913725541084,2.6379173987191487,2.3962681116236926,0.0,0.0,0.0
HINDALCO,AC,528.076462368807,465.9600020448969,218.68145360317402,-10.627839776196138,-8.393620631691402,105.72391014186557,0.5543460423390301,0.4876652061602721,-4.708505128160966,-7.489820254843234,281.74731359876415
HINDALCO,TWAP,1519.9848006130792,1312.450468311139,754.3313799719377,0.32814463383846537,23.54887641136458,345.60615554194925,2.3426634186427595,2.0082957248809423,-2.9751716023803385,-3.003799010556798,34.80363075581874
HINDALCO,VWAP,1548.1875204355877,1307.867655699777,754.010487565218,3.7079909142851175,-2.87715459841257,357.19000280847456,2.2525040799289253,1.9406373216592268,0.0,0.0,0.0
SBIN,AC,176.2762461573655,151.2919353908381,73.96795908751453,-10.309309198459118,-12.851696899133186,60.53499450783583,0.2784335745517725,0.21342909838197327,1.126526847797435,27.78437603850832,321.64557101668504
SBIN,TWAP,1281.491239097241,1049.7057987395854,739.8192616514264,2.1716706465585816,-52.11773270242574,440.13291390404703,2.278604837985063,1.6735495234052782,-0.5195006250975409,-2.688808214865382,29.51971463363558
SBIN,VWAP,1181.9999517213903,981.7050385484329,614.5918935143383,2.092137428487738,-44.571700097032505,423.2647037569935,2.0706929978220683,1.5340945021110268,0.0,0.0,0.0
VEDL,AC,307.1233154010211,277.84954712575495,116.37238003824459,-12.596012108430553,-2.691185368628954,99.09687764630354,0.4173767794032544,0.3880982872315777,21.76537287972303,-1.7226726567075978,256.04492136444713
VEDL,TWAP,1371.043873137162,1275.859114183604,702.17020519043,-25.082031313713774,-16.966264369183925,337.78207328925583,2.258170167468262,2.1969370256820886,0.7800867858770079,-1.2797437406021446,25.469929001734172
VEDL,VWAP,1273.4718578875109,1174.234964133817,609.8240511349253,-25.93155421252044,-21.78527062831383,334.86524832558825,2.0269135584670557,2.0909342081767135,0.0,0.0,0.0
BANKBARODA,AC,364.2642003886889,321.81358303100376,152.97778483373168,-2.022454556610772,-6.413577335477239,114.81792547967136,0.5174500074785594,0.4106942084533234,-15.60483538175566,5.42896647837681,370.8266157612373
BANKBARODA,TWAP,1552.7755069925322,1313.2165967715691,818.6668642799713,43.715986264186675,-6.804368674940708,529.4685694777315,2.671725702498814,2.0301519477239083,10.878572273204497,4.747297553760766,41.487901117896044
BANKBARODA,VWAP,1446.47929241177,1253.3421185818615,690.8182686924765,32.32163842020893,-13.844558878561507,518.4456050648051,2.4231594325926284,1.9670073958687424,0.0,0.0,0.0
APOLLOHOSP,AC,3124.5295479176634,2743.5530791693463,1622.920313456148,-26.349000262700518,-14.735230703334135,124.41347477344355,0.6837674523885144,0.52232285152116,-17.39206849566297,6.057295447351852,201.44470649980852
APOLLOHOSP,TWAP,2550.4396771967067,2422.5670431956396,1279.8329754297479,-1.751129681801176,-33.296819738800856,307.0993320923748,2.4159758898358117,1.8459466705089789,1.3116519293169828,-1.0987185174415601,30.40758630756489
APOLLOHOSP,VWAP,2763.267767612988,2488.5035636605535,1480.044990742551,-3.5043991888164925,-25.204535658894812,290.4711587791052,2.240756285867713,1.7755445337375386,0.0,0.0,0.0
BAJAJ-AUTO,AC,4608.7010254059605,4089.3107675227557,2202.72964298561,-8.642829947557328,-7.261156960027161,110.09419617279147,0.5788552136466613,0.49549361526308844,-7.141004548101389,-1.2380754602731234,204.89648764013197
BAJAJ-AUTO,TWAP,3106.348073759421,2583.3935682142856,1536.4007804121034,13.369679793872278,-2.4288718909727467,280.59795978894334,2.038150588418878,1.7553482850883564,9.530505033544364,3.5486755249145556,27.187586557466215
BAJAJ-AUTO,VWAP,3961.2179901399886,2741.613946074497,3378.302749578493,3.9381437382947158,-1.499928337845204,282.5206394005635,1.9424012812586762,1.6475103267195332,0.0,0.0,0.0
BHARTIARTL,AC,395.1738250702592,351.44686707217136,176.59949608510234,6.284992023797724,-1.2471918535305675,103.98223410650948,0.4584039721078018,0.41245010626012285,-29.862946312537776,16.02913549843618,242.96651897834693
BHARTIARTL,TWAP,1308.3157374581424,1165.207678103091,700.1917674965546,39.62659689117679,-20.452287450918966,334.1964574882812,2.029925107339416,1.7454320677584167,-4.458750111240987,2.71281397761538,30.87885602191218
BHARTIARTL,VWAP,1307.431455549966,1103.5514463867582,680.6275714403974,44.408702696828634,-16.16069216009358,343.146502275488,1.961357476769775,1.6017031024429396,0.0,0.0,0.0
HDFCLIFE,AC,956.2971800055132,906.6040983534137,319.79234162997807,5.922853984966101,-0.9958685920384693,167.33223691174658,0.6010032619421845,0.5438659915195369,-44.57874234159613,-20.74810411359968,255.67767407241814
HDFCLIFE,TWAP,1497.1274093836885,1325.1436753102632,626.8400692889326,64.15249991922248,30.062238665478347,384.5062096678385,2.2492499694908052,2.064131980135202,4.421229475202079,-3.653299657081742,40.79913406507004
HDFCLIFE,VWAP,1619.6107374072028,1395.0088468373015,751.7663628054601,60.008368669282405,10.902096074837957,388.9622463736041,2.1650368714068366,2.000866306202052,0.0,0.0,0.0
GAIL,AC,387.05452393310986,332.21266104264595,168.9139175720525,14.350819099571968,5.842472738996751,115.86061442676173,0.4817962407397833,0.4225139398171597,-26.709128612420766,-9.44908679396599,269.22829759014706
GAIL,TWAP,1379.9123186897114,1162.4548052702903,739.9276991340885,63.12943644994631,5.31693989071019,390.56512773689934,2.240180079602661,1.957208922691425,11.691059607309889,10.033170342628328,29.666147913019106
GAIL,VWAP,1329.389507202818,1143.2414669831883,669.3847422210462,50.932472101696696,12.412747542124805,375.76325985370437,2.0752598532037494,1.8359560861064503,0.0,0.0,0.0
M_M,AC,842.6269978476475,741.7337813859921,342.5876056270151,20.22725316990267,3.629047367185447,147.6348810817726,0.5974602430878106,0.510068898555021,-26.043534836655095,-6.7168337788517976,196.4965257704796
M_M,TWAP,1592.864737159147,1436.288122837429,766.78394792747,46.151943264433335,1.000835724507883,289.3220566569721,2.2973462422382185,2.0086477073213036,-5.025265934168364,-3.6933624972171524,49.01473653803409
M_M,VWAP,1706.0356659500653,1377.0190528470932,919.115522438757,51.471862219911685,8.796861231176685,295.61067130353297,2.3028169600797517,1.8415566523220228,0.0,0.0,0.0
PIIND,AC,16668.95811970113,15520.822343686868,8064.06947381428,4.0751469252004116,6.510441318509203,109.31861274567815,0.7233765583293368,0.6436114539009041,-8.563247938733454,-26.36342210920332,176.72004820338563
PIIND,TWAP,8459.36866934219,8131.706837741569,3903.5017486934803,2.6884568410354985,16.712594896914133,242.08196766589225,2.5085501613018657,2.2473729510298646,-13.74718848788075,-0.3041895852543033,44.6162435847721
PIIND,VWAP,14786.034730271665,12820.894310222877,10639.18488512129,16.41547922160715,20.185576848372904,236.82608182593222,2.5549617981249333,2.15567519760872,0.0,0.0,0.0
NESTLEIND,AC,15541.703420740789,15564.125856855419,5126.739438645478,-10.211952371700342,-9.112623624178601,87.29157086307654,0.46044512823932304,0.3788165785066066,-6.193785255285118,8.46288906333483,149.43110391546566
NESTLEIND,TWAP,7648.493275483528,7628.205773303003,2567.631599766758,-1.8071506159077033,-12.594268524012751,200.00632851208064,1.6181610501316326,1.310226386538727,-0.4929841998914146,-2.08181991839889,23.112699239960243
NESTLEIND,VWAP,9904.725174805284,8584.704109918064,5492.800738296188,-1.332885269576549,-9.529406297532375,197.70934623497402,1.611608244809203,1.264335647998894,0.0,0.0,0.0
SIEMENS,AC,7633.425644329201,5413.520873491816,4906.123117560612,15.157288714896348,0.30819024101639414,141.57123102527456,0.5926980813659215,0.5027007318571598,-32.41570037912177,-35.55750805010772,189.70200685540954
SIEMENS,TWAP,4431.892735978024,3192.385735934434,2674.1411672236745,47.79541507525219,4.0796503382657265,293.47182497258194,2.067695765256516,1.7581076280902224,-4.765156662056846,-4.2665371020188445,44.11765973931421
SIEMENS,VWAP,7255.784442517788,4711.375583282226,12888.262179580246,52.603984501834,27.708126871175928,290.97405193545865,2.0549198327190377,1.7414735177972323,0.0,0.0,0.0
HCLTECH,AC,677.4641551868116,622.5136479247483,356.81418081117084,24.650233600115556,-0.7911125398441815,139.7775347341522,0.5069472244559602,0.43472358580768156,-20.441174848723193,17.641990261780464,216.4201017267665
HCLTECH,TWAP,1328.1070420929823,1194.5851024824706,840.8125718038912,66.40895483246666,-16.20493013056519,368.1826079674962,1.97274260573727,1.6738682586616884,13.379331513674662,12.080225735480337,35.80044821353258
HCLTECH,VWAP,1443.2084587219701,1274.0038178073535,866.5111315239566,52.60448118973463,-19.94356287403847,355.05264447703166,1.96159354990198,1.7395430598454404,0.0,0.0,0.0
BRITANNIA,AC,4527.694085984096,4350.754108511379,1839.0515399373478,11.638097491828699,-14.448311489447413,139.9661273906098,0.5953788848604201,0.5421074559974881,-17.693381307452412,-15.1285946547968,194.4525635647566
BRITANNIA,TWAP,2966.7571233817957,2683.4113005049744,1275.360576785847,39.538009002750194,7.509594205900879,273.3425110363988,2.1003475383465364,1.9266619946924988,5.585589462353258,2.6495139257991074,26.1921544365167
BRITANNIA,VWAP,3654.0380787033314,2839.33480108575,2166.927076204456,33.999014186224095,2.9827128481780436,273.7145788142184,2.031733879228156,1.8375675114941676,0.0,0.0,0.0
BANDHANBNK,AC,798.1461770061787,738.3341906064978,316.1012051210518,-14.787036022312398,-45.37561452141952,201.35959580498886,0.8120418396792977,0.6762364710682233,107.76853836934305,132.25810026700418,451.1535065130634
BANDHANBNK,TWAP,2015.9337246009406,1721.5785212938808,1120.3005977074884,-95.76616956987014,-152.5364771715697,650.7822217623392,3.5143580604712388,2.6166183531221097,-2.719803704131073,-5.830868990391577,73.83224650716089
BANDHANBNK,VWAP,2133.056615438612,1627.9135921427558,1372.4729401151792,-94.99936472610285,-148.70044847157783,614.0746872181105,3.45029224072955,2.309681696875859,0.0,0.0,0.0
TITAN,AC,1153.7025541652547,1041.5470700931746,447.06014370730634,-44.04464749166553,-29.573497043800355,133.363365338581,0.5534484508615998,0.5016824355569303,-17.66594565907145,-4.3761390495847605,187.125063612965
TITAN,TWAP,1585.0603993224424,1424.9726258130206,838.2346200133954,-13.213028542247166,-42.7347461961624,278.00597546566183,2.0368035540296443,1.8671122423626778,8.591361379725365,-0.052149095477439955,29.901227250781954
TITAN,VWAP,1617.1647507064672,1399.8928757485032,829.1185406785559,-21.892795316981964,-36.868329882817314,271.9868728180082,1.9008898846132176,1.6911132322215146,0.0,0.0,0.0
DABUR,AC,1017.5412581706191,904.5244312143315,464.5972035944928,15.473093509995762,15.181267552082385,113.9414509897248,0.49340663700077975,0.42195807869147284,-41.57519238209683,-24.28265286811552,154.59637807079153
DABUR,TWAP,1387.2351527631624,1353.9572654443898,701.6531443554564,71.21216067086031,77.43459413762949,246.44146984711713,1.8050738025079314,1.5629915461187096,10.375906922222535,6.457901470880606,36.23580638434013
DABUR,VWAP,1500.4308430122592,1368.8906244570417,767.9550226209727,60.67226145326501,53.655227683135905,239.04151028494292,1.7399389721125924,1.5662048087426679,0.0,0.0,0.0
ONGC,AC,250.52897733643263,248.1561333469536,80.25993756932216,9.91831041552647,17.16077164708819,69.19391874549768,0.37474757948570475,0.34822331598271283,-53.66166027597685,-4.512470198632055,276.87077865435475
ONGC,TWAP,1332.758705247862,1160.5001373798173,767.1224356647432,77.00725106187396,20.328518757160097,330.8069742321364,2.4687513002920216,1.7991982365192318,4.144691471627852,3.281247935294723,53.65242250604223
ONGC,VWAP,1392.424654425273,1085.9487644062997,1072.3321317201248,73.17679032060902,24.17133490663403,338.97505655093187,2.6380991778010894,1.6889081014653373,0.0,0.0,0.0
INDIGO,AC,2357.252199547256,2284.5294046222016,934.8194586190168,-20.62359633874479,-16.468260059049854,141.96709213262648,0.8029540305483088,0.665806781792134,-95.35283061170759,-74.68100076038942,203.43408815830696
INDIGO,TWAP,2458.6515665205493,2354.864848866996,1001.3110151746663,81.26884034493489,79.64979752207897,295.1099824001573,2.866868807651318,2.440610344633586,0.5811143126040483,1.314922577732246,61.63668955140167
INDIGO,VWAP,2669.2110079037975,2524.1194665919948,1221.8101165337434,80.84428002217115,87.49845798816061,295.2170136828699,2.762822619855325,2.1936897187699635,0.0,0.0,0.0
NTPC,AC,295.3012534616262,263.41085504621594,118.70703883045962,-10.09160852921474,-11.468610486763989,64.193115001153,0.3851924262026072,0.30872355389695194,-28.767108401900796,-17.031966746111586,241.1630162543682
NTPC,TWAP,1254.3754298434076,954.1342033861418,678.5675294146635,38.32066798121295,18.01815169882286,310.24004002720505,2.06171427924247,1.4780323856868955,12.30889101639654,1.1404792779474202,45.16889049491485
NTPC,VWAP,1357.2126064818426,1038.8339488181784,792.8406451890247,26.308463478168903,9.926577582941157,317.5897270653048,2.1476248624595495,1.5002628661772115,0.0,0.0,0.0
CADILAHC,AC,1532.7008956109253,1519.6995554108994,725.9694108780839,2.857629625660915,-10.194821230703365,108.75435129231371,0.5838189874320848,0.5348971133727525,-22.85088016606457,14.56637209127341,209.9874572317124
CADILAHC,TWAP,1819.4216495935027,1624.980909194187,658.9952232008692,22.278817628466328,-34.16387346836986,308.1142776171384,2.1822716727829676,2.007849421384449,-9.69010240414054,0.3563073093003987,41.0391133909236
CADILAHC,VWAP,1924.1908915070599,1788.262316969572,748.7535399109754,31.71937373181233,-4.221797443486993,296.3718647065287,2.0160080891084204,1.8799150171315473,0.0,0.0,0.0
TECHM,AC,1027.553123748203,936.0999926012162,392.19095143477864,14.058285627261336,8.789958301091083,82.33382911891628,0.5081738759685764,0.45089433932610873,19.493351884418946,11.825273992620122,219.19612011896652
TECHM,TWAP,1449.8079076355389,1323.8333586905915,735.2374633806403,2.889297101548307,-4.092529544034851,264.46565088216073,1.8655625825010083,1.6417498482989272,2.859310794843191,1.0897989709144882,36.90700108691618
TECHM,VWAP,1673.3717576942681,1439.1489774439617,932.8326587503371,0.361408756843992,-18.366450927579724,274.97624791627493,1.9126010661361375,1.6321980524165576,0.0,0.0,0.0
LT,AC,646.3835507913382,563.5049449888563,244.32605792745082,-8.179680838058935,-7.870409938763293,108.18548306356747,0.45717099818793777,0.41507952421566796,6.12630047146937,-1.255688294525513,225.75611073877434
LT,TWAP,1184.403929869106,1087.9179162818682,618.8943000237955,-10.983553073902975,-30.654552499515397,296.1784802450608,1.7579079107333344,1.5839768719065472,-2.9121985363736425,-4.682742498822262,24.27293623269494
LT,VWAP,1237.1207474214293,1078.724018609057,605.2169825462059,-7.748095057769152,-24.825320834571052,305.75673146978835,1.7290144023649319,1.4841370006688477,0.0,0.0,0.0
KOTAKBANK,AC,748.7573699778969,657.9853402744552,250.06020271120207,-30.71931228292361,-12.113884068666756,119.89492827520611,0.5705788219522492,0.4633133899355595,-28.617369077649244,-14.661750218035255,233.91117509907824
KOTAKBANK,TWAP,1414.550290668665,1359.0129869382404,757.837805323864,1.911530762343263,-3.6504233644173145,321.8019856851963,2.2285008406050473,1.7773238042445232,-3.0912341858598222,-1.5803448323327371,35.495732334866155
KOTAKBANK,VWAP,1402.9605873499736,1347.9598304381648,707.8142655187992,4.704012852741396,2.9297225727798417,310.4532366961585,2.0343224898660353,1.7178303095301708,0.0,0.0,0.0
BOSCHLTD,AC,126497.32605746953,105106.34931070433,53496.58425682403,-9.401626837803523,-12.480650552215632,120.41580850128969,0.6543246389015258,0.5176509234081388,-36.41805666169781,-30.313232517083108,232.31760344087152
BOSCHLTD,TWAP,56769.86216162082,48568.11623546072,23056.7900733327,36.020722237668615,-14.228014432872294,289.44429844008374,2.2884666109547105,1.7743659242949468,3.1132065094505394,6.38257844668351,80.33234643967494
BOSCHLTD,VWAP,91902.7223338464,61046.08081887386,109554.35214490173,33.011941975319836,-11.645842206253414,280.9692655427296,2.303431356785529,1.8602958344090141,0.0,0.0,0.0
PGHH,AC,438245.7654374261,406253.6887146557,234206.19150123722,-21.100261647955502,-4.375781423953269,106.37857941677298,0.6087600562271023,0.54839432583963,-36.85592598348183,-13.113770489293305,193.15432522432943
PGHH,TWAP,191784.2872557589,183065.38913209515,98969.8701649986,4.196794130644261,-16.148724944645245,254.26507522154625,2.1468158723338084,1.9290264030923916,-15.999470490593714,-6.055967821259104,47.29689753779281
PGHH,VWAP,436326.5421208917,361992.57441810373,279340.31535156735,20.682376713968335,-11.870833604185794,268.6521114155884,2.446887001181251,2.0809801827560848,0.0,0.0,0.0
SBICARD,AC,1041.370308512859,1027.0356842029828,400.23183727109125,-43.92638157160522,-10.25602885331429,132.83107189823093,0.636058701492446,0.599566888473479,217.2472819460905,34.63142153333154,526.430076871531
SBICARD,TWAP,1702.2373590931468,1648.015919934865,492.0542565310041,-95.24030467952419,-25.64979319497789,393.94682784176257,2.5705145944231753,2.2545116895954465,158.71594583797776,2.2652043288199435,570.1035659767466
SBICARD,VWAP,15586.430991015044,1635.0493328028747,57332.09445300988,-230.5692053163665,-46.22834402114986,507.0001095527998,6.218643288618473,2.2604358810122864,0.0,0.0,0.0
JUBLFOOD,AC,2936.8505929104995,2547.62539674765,1431.810760489923,2.643353644070402,-14.445103915991737,179.7175609669241,0.737149427547969,0.7189983624649978,-34.44007740846366,-10.679854663119206,185.54051082282317
JUBLFOOD,TWAP,2559.621132856287,2382.8046330986617,1181.1641100505224,53.44456432513666,-37.41136545099786,350.4687613854165,2.6014241573161083,2.4241661311108036,10.261031997289855,-5.159735864760735,41.015489969099036
JUBLFOOD,VWAP,2818.407556940546,2375.0693041012646,1688.1267769750511,42.326950758862814,-33.16919726308749,321.4595590277625,2.420359267515869,2.0990275864442234,0.0,0.0,0.0
INFY,AC,359.37649995340576,340.4029896013996,120.93756084319224,4.2655774923725644,6.625453263747682,78.54219529679739,0.39602865719671176,0.33942661716151834,2.517405574781572,14.314833159975528,154.27649228650134
INFY,TWAP,1035.4754405205115,915.465295100282,553.5932536802657,14.61460769747756,-7.85331675484108,223.55296402096593,1.6759801601589313,1.3748883921614212,9.578489246201787,3.3035209903043343,30.350150997230333
INFY,VWAP,1101.6896749669372,998.7635091659133,575.1209473921591,4.9579477963698615,-16.004286283373084,217.83585760558012,1.663670762671087,1.3640503141434088,0.0,0.0,0.0
ICICIGI,AC,6110.098570413588,5114.926086702923,2678.34868293547,14.078424365220863,-8.02904090564841,194.20253365599248,0.8720939968545186,0.7842031402708387,-53.441416425987,-37.53633532116687,298.36908777976976
ICICIGI,TWAP,4057.5471329428224,3771.3106149134123,1668.3793341778114,91.86977024922976,29.97572930404305,458.31102073350905,3.023808575087264,2.7744211018261637,11.552928410110718,6.257033351869047,63.03473571818265
ICICIGI,VWAP,5735.395312457319,5105.754310802704,2535.657002285265,79.95197452940778,45.501266004620774,444.12783484860364,3.1171228002154177,2.832093042297595,0.0,0.0,0.0
